"wiki_id","osm_id","name","name_vars","etym","legends","mentions"
"Q744167",6722696,"Мсціслаў","Амсціслаў
Мсціслаўль
Амсьціслаў
Mscislaŭ
Мстислав
Mścisław","1. Тапонім «Мсціслаў» утварыўся ад імя Мсціслаў (імаверна, ад асновы мост — масціць).
Краткий топонимический словарь Белоруссии / В. А. Жучкевич. - Минск : Издательство Белорусского государственного университета, 1974.–447 с., с.246.
2. Каб засведчыць факт валодання князем горадам або сялом, да яго імя дадаваўся старажытны суфікс прыналежнасці –j(-ёт), перад якім пасля губных зычных паяўляўся –л (Мстислав +j– Мстиславль). Да нас дайшлі толькі адзінкі назваў з такім паходжаннем і адносяцца яны да катэгорыі рэліктавых.
Мясцовыя жыхары выкарыстоўваюць тапонім Амсціслаў. У старабеларускіх пісьмовых помніках гэтая назва зафіксавана ў форме Мстислав (Мстиславль).Форма Амсціслаў адлюстроўвае адну з характэрных фанетыкаарфаграфічных асаблівасцей беларускай мовы (наяўнасць прыстаўных галосных), а таму зусім заканамерна можа прэтэндаваць на нарматыўную.Але ж ёсць і іншая форма, якая з’яўляецца традыцыйна-пісьмовай і больш блізкай па структуры да старажытнай формы (Мстиславль).
Лемцюгова В. П. : Прадмова да даведніка «Назвы населеных пунктаў Рэспублікі Беларусь»","Смаленскі князь Расціслаў Мсціслававіч заснаваў горад і назваў яго Мсціславам у гонар свайго бацькі Мсціслава Вялікага.
Трусаў, А. Старажытны Мсціслаў — сэрца беларускай Смаленшчыны // М.А.Ткачоў, А.А. Трусаў. — Мн.: Полымя, 1992.","1135 г."
"Q954343",6722347,"Талочын","Талачыно
Талачын
Talačyn
Tołoczyn
Толочин
 
Стары ці Рускі Талачын (з 1772 г., усходняя частка горада)
Новы ці Зарэчны Талачын (1772-1793 гг., заходняя частка горада)","1. Тапонім «Талачын» утвораны ад слова: 1) «талака» — сумесная, калектыўная праца.
Краткий топонимический словарь Белоруссии / В. А. Жучкевич. - Минск : Издательство Белорусского государственного университета, 1974.–447 с., с.375.
2. Талака збіралася для перацягвання суднаў з ракі Усвіж-Бук ( басейн Зах.Дзвіны ) у Друць (басейн Дняпра)
http://tolochin.museum.by/be/node/28795
2) «талачэя» (кірмаш), горад славіўся сваімі кірмашамі, адсюль і назва.
https://archive.svaboda.org/programs/geography/2002/12/20021202163800.asp
3) ад “талакнянкі” - расліна (мядзведжае вушка, мядзведжая ягада) — вечназялёны галіністы кусцік з ляжачымі на глебе цёмна-бурымі галінкамі даўжынёй 30 — 100 см, маладыя парасткі апушчаныя.Кветкі белыя альбо ружовыя, на кароткіх кветканожках, у паніклых аднабаковых гронках. Цвіце ў маі-чэрвені. Плод — чырвоная касцянка.
http://news.21.by/other-news/2010/04/16/5148.html","Пра назву горада апавядае легенда аб тым, як два сыны адмовіліся выконваць спрадвечны звычай адвозіць і пакідаць старых бацькоў у лес паміраць. Браты прывезлі бацькоў назад дадому ўночы, каб не даведаліся вяскоўцы, і хавалі іх у варыўні ў канцы агарода.  Калі да вёскі падступаўся паморак, бацька параіў сынам перанесці вясковыя хаты талакою на новае месца, к гэта рабілі раней. Так выратавалася вёска і людзі перасталі старых людзей у глухі лес паміраць вадзіць. http://vlib.by/PRIDVINIE-11/TOLOCHIN/Legends-TOLOCHIN.htm                                             
","1433 г."
"Q955113",4785503,"Чавусы","Čavusy
Чаусы","Назва мае цюркскае паходжанне. Чавус – военачальнік ніжэйшага рангу, часам проста дробнапамесны дваранін.
Краткий топонимический словарь Белоруссии / В. А. Жучкевич. - Минск : Издательство Белорусского государственного университета, 1974.–447 с., с. 399.","Аб узнікненні назвы горада апавядае паданне пра тое, што некалі на невялікае паселішча, якое тады яшчэ не мела назвы, напалі татары. Мясцовыя жыхары змаглі выстаяць, а разбіты вораг уцёк. У народзе даведаліся – забітага кіраўніка татарскага войска яго ворагі называлі Чавус, што азначала военачальнік. І з таго часу паселішча ля яго магілы сталі зваць Чавус, а жыхароў ягоных – чавусамі.    http://catalog.library.mogilev.by/kray/chausi/9.1.html 

У старажытныя часы ляснымі сцежкамі рухаўся табар цыганоў. Качэўнікі стаміліся і зрабілі прыпынак на некалькі дзён на вялікай паляне на ўзлеску. Калі табар рушыў далей, адна з сямей засталася, паколькі жонка павінна была вось-вось нарадзіць. Гаспадар са старэйшымі дзецьмі ўладкаваўся на новым месцы і ў хуткім часе нарадзіўся хлопчык, якога назвалі Чавус. Ён падрос і дапамагаў бацьку ў кузні. Аднойчы бацька паехаў на паляванне, а раптам  з'явіўся ўладальнік тутэйшых мясцін – Чарнец Суханаў – і запатрабаваў плату за зямлю. Чавус дамовіўся з ім, што той пакіне іх у спакоі, калі атрымае такую рэч, ад якой не зможа адмовіцца. За ноч малады каваль выкаваў булатны клінок і аздобіў яго упрыгожваннямі маці і сясцёр. Зброя прыйшлася да густу землеўласніку.
Чавус праз сваё майстэрства праславіўся далёка за межамі сваіх мясцінаў. Яго вырабы мелі добрую якасць і адрозніваліся прыгожай аздобай. З цягам часу бацькі Чавуса памерлі, браты з сёстрамі раз'ехаліся па белым свеце, а вакол хаты каваля сталі абжывацца новыя сяляне і месца гэтае атрымала назву Чавусы.
http://catalog.library.mogilev.by/kray/chausi/9.1.html","1581 г. (як в. Чавусавічы)"
"Q615132",7467626,"Ружаны","Ражана
Ражаны
Ражаная
Ружана
Ružany
Różana
Ружаны","Назва ўтворана ад:
1) слова “рог” у значэнні “вугал”. Галосная у з’явілася замест о пад уплывам польскай мовы
Магчыма сувязь з асновай рус (росс) з вытворным ад яе словам Рушаны.
Краткий топонимический словарь Белоруссии / В. А. Жучкевич. - Минск : Издательство Белорусского государственного университета, 1974.–447 с., с.329.
Альбо ад слова “рог” у сэнсе “кут”, “паварот”: калі паглядзець на Ружаны зверху, то відаць раздарожжа ці скрыжаванні. Ад Пружанаў дарога паварочвае ў бок Слоніма, і прама ў Ружанах ад яе адгаліноўваецца дарога ў бок Косава;
2) імёнаў двух дачок князя - ўладальніка Ружан (Леў Сапега?) – Ружа і Ганна.
3) ад назвы кветкі – ружы;
4) назвы мястэчка Rużan (Польшча, Мазовія), якая была перанесена першым уладальнікам беларускіх Ружанаў;
5) ад слова ""ружанец”, “ружонцы"" – нізка пацерак, дзе кожнаю пацеркаю адзначаецца асобная малітва (катал.). У жыхароў мястэчка меліся асаблівыя ружанцы – з чорнымi пацеркамі-гарошынамі.
6) ад старажытнарускага слова “Ружь” (ці “Рузь”), якое трансфармавалася пасля ў Русь.
http://sources.ruzhany.info/026.html#07.
http://sources.ruzhany.info/029a.html","Пра назву горада сведчыць легенда аб мудрым князю Ладзімеру. Князь параіў сялянам заняць землі на беразе ракі, якія былі яшчэ свабодныя і на якіх не было межавых знакаў-камянёў, пастаўленых князямі, каб зазначыць сваю ўласнасць. Гэтыя землі выступам былі размешчаны на ўзбярэжжы. Месца, дзе пасяліліся сяляне, назвалі Рожаны, паколькі па форме яно нагадвала рог.                                                                                                                                                                                                                                     
http://sources.ruzhany.info/029a.html                                                                                                                                                                  Іншая легенда апавядае пра некалькіх падарожнікаў, якія сустрэлі на паляне з дзікімі ружамі маладую і прыгожую дзяўчыну – жрыцу на капішчы паганскай багіні прыгажосці і кахання Лады. Дзяўчына распавяла падарожнікам, што калісьці тут жылі людзі, але ружы занялі ўсе палі, пачаўся голад, і жыхары перасяліліся ў іншае месца, а на іх землях было ўзведзена капішча. Адзін з падарожнікаў закахаўся ў жрыцу і даў ёй імя Ружана. Вандроўнікі вырашылі пасяліцца на ўзлеску і пачалі карчаваць кусты. Ружана папярэджвала, што за гэта багіня раззлуецца. Неўзабаве маладая жрыца памерла. Перапуджаныя вандроўнікі пакінулі гэтае месца, а памяць аб падзеях тых часоў захоўваецца ў назве горада – Ружаны. 
http://sources.ruzhany.info/029a.html","28 сакавіка 1490 г."
"Q375228",6722797,"Астрына","Астрыно
Astryna
Острино","1. Назва паходзіць ад прозвішча Астрэйка, Астрэнь, Востры.
Краткий топонимический словарь Белоруссии / В. А. Жучкевич. - Минск : Издательство Белорусского государственного университета, 1974.–447 с., с.277.
2. Сваю назву Астрына атрымала ад ракі, на якой размешчана - Астрожы або Астрэйкі (цяпер Астрынка).
Ostryna // Słownik geograficzny Królestwa Polskiego i innych krajów słowiańskich. Tom VII: Netrebka — Perepiat. — Warszawa, 1886. S. 733—734.
3. Мясцовыя жыхары тлумачаць паходжанне назвы ад слова «востры».","Паводле легенды каля сучаснага пасёлка ў перыяд татара-мангольскага нашэсця здарыўся кровапралітны бой.           http://shtetlroutes.eu/ru/ostryna-cultural-heritage-card/","1450 г., у Літоўскай метрыцы;
Кнізе наданняў 
Вялікага князя Казіміра за 1441-1482 гг.
"
"Q955126",6722704,"Чэрыкаў","Чэрыкаў
Čerykaŭ
Czeryków
Чериков","1. У аснове назвы, імаверна, асабістае імя, утворанае ад асновы славянскага тэрміну з каранёвай часткай чэр-, зафіксаванага ў назве прымітыўнай прылады для апрацоўкі глебы чэртала. Чэрык – той, хто апрацоўвае глебу чэрталам, чэрціць (арэ) зямлю.
Краткий топонимический словарь Белоруссии / В. А. Жучкевич. - Минск : Издательство Белорусского государственного университета, 1974.–447 с., с.401.
2. Чэрыкаў атрымаў назву ад таго, што тут у старажытныя часы было шмат чырыкаў— лодак, якія плавалі па Сожы. 
3. На мясцовыя землі некалі прыйшлі татары. Яны ў мясцовых жыхароў адбіралі авечак, зганялі іх у яму і там рэзалі. А па-татарску «рэзаць» азначае «чырык». У якасці пацверджання гэтай версіі кажуць аб наяўнасці ў ваколіцах горада ўрочышча «Чэрыкавец». Адсюль нібыта і пайшла назва горада: спачатку Чырыкаў, а затым - Чэрыкаў.
4. Назва горада паходзіць ад імя Чэрыкаў, утворанай на аснове цюркскага слова «чэрык» (воін, войска). Гэтае слова і сёння распаўсюджана ў цюркскіх мовах. Носьбітам такога імя мог быць як далёкі продак з цюрак, так і славянін, які атрымаў імя за сваю адвагу. Словам «адважны», «спрытны» адпавядае цюркскае слова «чырык».                                                                                                                                                                                                                                                                    5. Айконім Чэрыкаў паходзіць ад славянскай асновы «чэрык», якая азначае крывы. У перыяд заснавання каля Чэрыкава рэчышча ракі віхляла, і нават цяпер тут ёсць скрыўленыя возеры. У мінулым на левым беразе Сожа ў межах сённяшняга Чэрыкава знаходзілася старыца ракі (возера) Чэрык («крывое возера»). Адсюль: Чэрыкаў можна разумець як «горад Чэрыка», канчатак –аў указвае на прыналежнасць, -
 «крывога» або «гарбатага» чалавека. Чэрыкаў мог быць не рэальным чалавекам, а міфалагічнай істотай і ў такім выпадку ўвасабляе ўяўленне аб крывізне як стваральным пачатку.
 http://www.cherikovnews.by/o-proishozhdenii-nazvaniya-goroda-cherikova-rasskazal-uchitel-istorii-vasilij-maksimenko/",,"1460 г."
"Q2499527",7465907,"Дзівін","Дывін
Дывын
Дывэн
Dzivin
Dywin
Дивин","1. Ад слова “дзівіцца”, “дзіва” у значэнні цуд. Назва мае патранімічнае паходжанне ад прозвішча Дзіві і т.п. з тыповым суфіксам прыналежнасці –ін.
Краткий топонимический словарь Белоруссии / В. А. Жучкевич. - Минск : Издательство Белорусского государственного университета, 1974.–447 с., с.99.
2. Ад слова «дывына» - дыялектнай назвы конскага шчавеля.
http://web.archive.org/web/20160813170756/http://zagorodde.na.by/istor13-1.html",,
"Q21780642","З сяр. XIX ст. у складзе Мсціслава, асобнага OSM няма
Мсціслаў – 6722696","Казімірава Слабада",,"Назва ўтворана ад слова “слабада”– тып паселішча ў феадальнай Расіі XI – XVIII ст. , які меў часовае вызваленне ад выплаты падаткаў і інш. павіннасцей. Вызначэнне “казімірава” ўказвае на прыналежнасць і прававы статус “слабады”. Слова “казімірава” паходзіць ад імя Казімір і вытворных прозвішчаў.
Краткий топонимический словарь Белоруссии / В. А. Жучкевич. - Минск : Издательство Белорусского государственного университета, 1974.–447 с., с.150, 350.",,"1719 г. як уладанне мсціслаўскага падкаморыя Крыштофа Валовіча"
"Q3917705",7459242,"Мальча, цяпер - Малеч","Malieč
Malecz","Назва ўтворана ад асновы – мал (малы, невялікі). Малеч – побытавая назва малалетніх дзяцей, напр., старабеларуская прыказка: “А ў хаце адна малеча ды галеча”.",,"1528 г. у «Апісанні войска Літоўскага Кобрынскага павета»"
"Q2376687",6964816,"Ула","Ula
Uła
Улла","1. Назва батыйскага паходжання, супастаўляльная з літоўскімі ohla, ohlis – дробны камень, галька.
Краткий топонимический словарь Белоруссии / В. А. Жучкевич. - Минск : Издательство Белорусского государственного университета, 1974.–447 с., с.384.                                                                                                                                      
2. Назва ўтварылася ад мясцовага гідроніма Ула.",,"13??"
"Q2995176",7509467,"Радунь","Радуня
Радыня
Raduń
Raduń
Радунь","Назва ўтворана ад славянскай асновы “радзіць” або радеть (рус.) – клапаціцца і славянскай часткі –унь. Назва этнанімічнага паходжання.
Краткий топонимический словарь Белоруссии / В. А. Жучкевич. - Минск : Издательство Белорусского государственного университета, 1974.–447 с., с.316.",,"1217 г. у летапісе «Манумента Германіка»"
,7526394,"Жыровічы","Жыровіцы
Žyrovicy
Żyrowicze
Жировичи","Назва пахозіць ад прозвішча Жыровіч.
Краткий топонимический словарь Белоруссии / В. А. Жучкевич. - Минск : Издательство Белорусского государственного университета, 1974.–447 с., с.124.","Адна з легенд апавядае, што на месцы сённяшніх Жыровічаў некалі была вялікая пушча. Гэтай пушчай валодаў паганец па прозвішчу Жыр. Ён лавіў на лясных дарогах людзей і браў іх у палон. У палоне яны будавалі хаты і жылі пад наглядам паганца. Шмат ім было злоўлена люду. Але Жыр хутка памёр. І людзі сталі вольнымі, а мястэчка назвалі Жыровічы.
 
Іншая легенда расказвае, што паселішча ўзнікла каля драўлянай царквы, якую пабудаваў падскарбій ВКЛ Аляксандр Солтан у гонар дзівоснай праявы – абраза, які знайшлі ў лесе мясцовыя пастухі. У галінах лясной грушы-дзічкі яны заўважалі нязвыклае святло - на дрэве праменіўся абраз Божай Маці з яе Святым Сынам на правай руцэ. Абраз быў ён выразаны з каштоўнага каменю яшмы і змяшчаўся на далоні рукі.
Пастухі аднеслі знаходку Солтану, які схаваў яе ў куфэрак, а калі на наступны дзень захацеў паказаць абраз гасцям, яго ў куфэрку не аказалася. Праз некалькі дзён пастухі знайшлі зніклы абраз у тым самым лесе, над тым самым ручаём і на той жа дзікай грушы і зноў перадалі гаспадару.
Чыгрын, С. 125 пытанняў і адказаў з гісторыі Слонімшчыны / С. Чыгрын. — Мінск : Кнігазбор, 2015. — 84 с., С.25-26","1493–1495 гг. у сувязі з продажам паселішча вялікім князем Казімірам падскарбію вялікаму Аляксандру Солтану"
"Q200950",6722510,"Капыль","Копыль
Kapyĺ","1.Назва ўтворана ад асновы, якая выкарыстаўвалася для абазначэння адной з прыладаў працы накшталт матыкі або кіркі. У беларускай мове слова «капыл» захавалася галоўным чынам для пазначэння верхняй часткі шавецкай калодкі, а часам аднаго з тыпаў малатка (балцкае kople). Захавалася і мянушка Капыл – упарты, незгаворлівы чалавек.
Краткий топонимический словарь Белоруссии / В. А. Жучкевич. - Минск : Издательство Белорусского государственного университета, 1974.–447 с., с.173—174.
2. Паводле пашыранага меркавання назва «Капыль» утварылася ад слова «капылле» — поле, апрацаванае матыкай.
Гарады і вёскі Беларусі: Энцыклапедыя. Т. 8, кн. 2. Мінская вобласць / Рэдкалегія: Т. У. Бялова (дырэктар) і інш. — Мн.:БелЭн, 2011. — 464 с.: іл.ISBN 978-985-11-0554-6. С. 125.
3. Назва паселішча паходзіць ад слова «капальня» — часткі паганскай бажніцы.
Богдашич, С. Седые легенды древнего Копыля / С. Богдашич // «Інфа-Кур’ер», 17 снежня 2008.
4. У XIX ст. Капыль быў горадам гандляроў, у якім выраблялі скуру. Драўляныя калодкі, на якіх яе расцягвалі, называліся капылы. Адсюль і назва горада.
http://archive.vsr.mil.by/2018/12/05/legendy-zemli-belorusskoj-kopyl/.","Легенда аб ўзнікненні назвы горада расказвае, што некалі на месцы Капыля стаяў замак багатага князя, у якога была вельмі прыгожая дачка Паліна. Аднойчы летам каля замка з'явіўся малады пастух Коля, які хораша іграў на дудачцы. Князёўна пераапранулася ў сялянку і непрыкметна прыбегла на бераг возера, дзе пастух пасвіў свой статак. Тут яны ўбачыліся, пакахалі адзін аднаго і пачалі сустракацца па начох, каб пакатацца на чаўне па возеры каля замка. Князь, вярнуўшыся з паходу, даведаўся пра сустрэчы і загадаў замкнуць дачку.
У цёмную рабінавую ноч па князёўну па возеры прыплыў пастух. Дзяўчыне удалося ўцячы. Князь убачыў дачку з хлопцам на чаўне сярод хваль, калі возера асвяціла бліскавіца. Хутка навальніца прайшла, стала зусім светла, але на возеры нікога не было. Яно паглынула ўцекачоў. У роспачы бацька пракляў і возера, і рэчку побач, якія ў той самы момант праваліліся ў зямлю. Месца гэтае пасля таго сталі клікаць па імёнах закаханых Колі і Полі — Ко-Поль, а пазней Капыль.
https://be.wikisource.org/wiki/%D0%90%D0%B4%D0%BA%D1%83%D0%BB%D1%8C_%D0%9A%D0%B0%D0%BF%D1%8B%D0%BB%D1%8C
","1006(?) г. ва ўстаўнай грамаце вялікага князя кіеўскага Уладзіміра Святаславіча Тураўскай епархіі (аўтэнтычнасць дакумента спрэчная); 1274 г."
"Q201243",6722597,"Слуцк","Слуцак
Sluck
Słuck","1. Тапонім «Слуцк» утварыўся ад назвы ракі Случ. У сваю чаргу, назва ракі з'яўляецца вытворным ад слова «лука» – выгін ракі, злучына.
Краткий топонимический словарь Белоруссии / В. А. Жучкевич. - Минск : Издательство Белорусского государственного университета, 1974.–447 с., с.351-352.
2. У айканіміі беларускіх зямель суфікс –ск (-цк) адзначаецца з ІХ – Х стст. і з’яўляецца глыбока традыцыйнай рэліктавай з’явай, якая падкрэслівае самабытнасць народа і старажытнасць тэрыторыі яго рассялення. У першую чаргу гэта адносіцца да назваў, якія ўтвораны па самай старажытнай мадэлі уласная назва ракі + –ск. Звыш паловы гарадоў з назвамі на -ск, згаданых у летапісах XI ст., прыпадае менавіта на зону фармавання беларусаў, дзе гэты суфікс выяўляе прадуктыўнасць і ў наступныя стагоддзі. Кожны трэці беларускі горад з ліку тых, што занесены ў «Спіс рускіх гарадоў далёкіх і блізкіх» канца XIV ст., заканчваецца на -ск (-цк).
Лемцюгова, В.П. Прадмова да даведніка “Назвы населеных пунктаў Рэспублікі Беларусь”/","Па адной з легенд горад заснаваў купец. Аднойчы гарачым днём човен багатага купца, які плыў па тады судаходнай рацэ Случ, спыніўся  ў цудоўных месцах - перад ім зліваліся дзве ракі, а на ўзвышшы паміж рэкамі раслі магутныя дубы, запрашаючы адпачыць у сваім ценю. Купец загадаў прычаліць да берага. У мяккай духмянай траве прыемна патаналі ногі. Не заўважыў купец, як наступіў на змяю. Тая адпомсціла за парушаны сон - ўкусіла вандроўніка. Адчуўшы, што памірае, загадаў купец ў памяць пра здарэнне на гэтым месцы пабудаваць горад і завяшчаў на на тое ўсё сваё багацце і прасіў назваць горад Случэск. Воля купца была выкананая.
https://goroda.by/informaciya-o-gorodah-belarusi.php?id_news=35","1116 г. у ""Аповесці мінулых часоў”: «В лѣто 6624. Приходи Володимеръ на Глѣба; Глѣбъ бо бѧше воевалъ Дрѣговичи и Случескъ пожегъ…»."
"Q3499049",7525338,"Баруны","Baruny
Боруны","Назва ўтворана ад асновы бор. Баруны – жыхары бору.
Краткий топонимический словарь Белоруссии / В. А. Жучкевич. - Минск : Издательство Белорусского государственного университета, 1974.–447 с., с.34.","Паводле легенды назва вёскі паходзіць імя злога пана Баруна, які разбагацеў на розных махлярствах. Палюбіў ён шляхцянку Анэту, дачку пана Слібады. Апошні стаяў на мяжы банкруцтва з-за празмернай любові да азартных гульняў. Яму пан Барун прапанаваў даць пазыку, а калі той не зможа вярнуць, то аддаць за жонку Анэту. Пан Слібада не быў патрэбны жывым Баруну, каб сплаціць доўг. Слібаду атруцілі па загадзе Баруна. Анэта стала жонкай забойцы бацькі, але ненадоўга. Змучаная душа дзяўчыны праз пару гадоў паднялася на нябёсы. Барун зусім ашалеў ад злосці і жорсткасці. Аднойчы ноччу падпільнавалі Баруна яго ж сяляне і забілі, а цела закапалі на месцы забойства ды завалілі камянямі. Праз нейкі час выраслі сярод камянёў кветкі, празваныя людзьмі барунамі, а пазней назва гэта перайшла і на вёску, якой валодаў Барун.
 https://geocaching.su/?pn=101&cid=1970","1692 (?) г."
"Q20537755",7506153,"Стаўбцы","Стоўбцы
Staŭbcy
Столбцы","1. Назва паходзіць ад слова стоўб (слуп) і з’яўляецца назвай–арыенцірам – стаўбамі адзначалі дарогу, якая не мела арыенціраў. Асаблівую значнасць такія арыенціры мелі зімой.
Краткий топонимический словарь Белоруссии / В. А. Жучкевич. - Минск : Издательство Белорусского государственного университета, 1974.–447 с., с.362.
2. Горад знаходзіцца на правым берагу Нёмана, які некалі быў судаходным і шырокім. Таму назва магла ўтварыцца ад драўляных набярэжных стаўбоў, за якія прывязваліся лодкі, каб іх не знесла цячэннем.
http://vandrouka.by/2012/stolbtsyi/","Пра ўзнікненне горада легенда расказвае, што на месцы Стаўбцаў некалі было ўзведзена абарончае ўмацаванне з усіх бакоў акружанае частаколам з вялізных слупоў-стаўпцоў. З цягам часу, калі ваяры ВКЛ пашырылі межы сваёй дзяржавы далёка на ўсход, на месцы колішняга “славянскага” абарончага ўмацавання ўзнікла паселішча, якое ў наваколлі празвалі Стоўбцамі, ад тых самых стоўпцаў-частаколін, што складалі аснову ранейшага “ваеннага аб’екту”.
 
Іншая легенда звязвае заснаванне горада з яго геаграфічным палажэннем - некалі на месцы, дзе сёння знаходзяцца Стаўбцы, праходзіла мяжа трох княстваў, абазначаная стаўбамі (слупамі).
                                                                                                              Згодна з трэцяй вепсіяй, на тым месцы, дзе цяпер Стоўбцы, некалі быў лес. У гэтым лесе князь пабудаваў манастыр, дзе жылі манахі. Яны рэдка бачыліся з людзьмі. Калі ў манастыры ўспыхнула чума, людзі надоўга забыліся дарогу да гэтага месца.
Аднойчы сяляне ўсё ж вырашыліся адведаць манахаў. Аказалася, што страшная хвароба загубіла ўсіх. Каб ніхто не сяліўся на чумной зямлі, на магілах манахаў паставілі стаўбы (слупы). Пазней горад, які ўзнік на месцы гэтых слупоў, атрымаў назву Стоўбцы.
 https://news.tut.by/society/467456.html","1511 г."
"Q1460634",6722367,"Вялікая Бераставіца","Vialikaja Bierastavica
Brzostowica Wielka
Большая Берестовица","1. Назва можа быть звязана са словам бяроста – бярозавая кара. Не выключана, што назва з’явілася як памяншальнае ад Бярэсця – папярэдняй назвы г. Брэста, тады Бераставіца – маленькі Берасце з імем пароды дрэва.
Краткий топонимический словарь Белоруссии / В. А. Жучкевич. - Минск : Издательство Белорусского государственного университета, 1974.–447 с., с.27.
2. Назва магла ўтварыцца ад слова “бярост” – гатунак “вяза” і літаральна магла азначаць “паселішча ў вязавым лесе”.
Трусаў, І. Гродзенскія ваколіцы // І. Трусаў. - «Биржа информации». - № 31 (76).
3. Вызначэнне “вялікая” супрацьпастаўляецца вызначэнню “малая” у назве вёскі Малая Бераставіца таго ж раёна.
Малая – абазначае другаснасць, выселкі з першапачатковага паселішча.
https://rogalevblog.wordpress.com/2019/06/12/page/2/",,"1506 г. у грамаце вялікага князя Аляксандра"
"Q730175",4684730,"Шклоў","Škloŭ
Szkłów
Шклов","1.Тапонім супастаўляецца са словам шкло, -оў указвае на прыналежнасць і дае падставу бычыць у назве асабістае імя Шкло, хоць такое імя і не сустракалася.
Краткий топонимический словарь Белоруссии / В. А. Жучкевич. - Минск : Издательство Белорусского государственного университета, 1974.–447 с., с.411.
2. Акрамя таго, ні ў воднай з крыніц не было выяўлена, каб у мінулым у гэтай мясцовасці рабілі шкло. У той жа час многія гістарычныя дакументы сведчаць аб гандлі мяхамі, аб славе шклоўскіх скарнякоў.
Некалі нашы продкі займаліся паляваннем. Мех служыў прадметам гандлю з Візантыяй і Усходам. Слова “скоро” на старажытнай мове — скура жывёл, “лов” — паляванне, дабыча.А калі прыняць за ўвагу, што у шэрагу матэрыялаў назва горада пішацца як ""Школов"", то такое азначэнне мае права на іспаванне.
Петровский М. Почему Шклов? // Нёман. — 1968. — № 8. — С. 238—239.
3. У старадаўнія часы па Дняпру плавалі на ""шкутах"" — так званых рачных судах. Пры спалучэнні першых літар ""шк"" - ""лов"" атрымліваецца ""шкутолов"". Трэба лічыць, што Днепр на поўнач ад Шклова стварае як бы луку, рэчка крута паварочвае на усход, а затым на поўдзень. Тут знаходзіўся востраў. Магчыма, гэта месца і было ў свой час ""шкуталовам"" — тут прыпынялі, лавілі суды, што плылі па рацэ.
Петровский М. Почему Шклов? // Нёман. — 1968. — № 8. — С. 238—239.","Легенда пра гісторыю назвы горада Шклова апавядае, што жыў у старадаўнія часы вельмі багаты купец Фядос. Аднойчы гаспадар з сябрамі-гандлярамі адправіўся на год у далёкую дарогу па шкло, якое ўсякімі колерамі пераліваецца. Купец паабяцаў жонцы, што гэта апошняя іх разлука. Купцам пашанцавала ў працы - яны закупілі таго незвычайнага шкла даволі многа. Загрузілі ім усе свае судны і пачалі доўгі складаны зваротны шлях. Праз некаторы час іх ноччу нечакана напаткала бура з грымотамі і маланкамі. Судны параскідала, паразбівала, нібы якія трэскі. З усіх людзей на бераг выкінула толькі Фядоса. Калі яго знайшлі мясцовыя жыхары, то ён яшчэ жывы быў і шаптаў: “ Шкло... Шкло...”. Доўга не разумелі людзі, што гэта азначала, але калі пачалі часта грымець навальніцы, то ў іхняй мясцовасці, над Дняпром, выходзілі надзвычай прыгожыя вясёлкі. Толькі тады даўмеліся, што купец вёз каляровае шкло. Ад таго шкла і пайшоў горад Шклоў, над якім паранейшаму ўспыхваюць вясёлкі. 
Магілёўшчына: Назвы населеных пунктаў паводле легендаў і паданняў / Склад., запіс., апрац. А. М. Ненадаўца. — Мінск: Беларусь, 2002. — С. 396—402. 

Паводле іншай легенды аднойчы багаты купец на беразе ракі ўпусціў дарагое ўпрыгожванне, якое пералівалася і зіхацела пад промнямі сонца ў вадзе нібы шкло. З тых часоў сталі людзі сталі называць гэту раку Шклавянкай, а горад недалёка – Шклоў. 
https://vetliva.by/belarus/about-country/cities/mogilevskaya-oblast/shklov/ 
У народзе кажуць, што некалі старажытныя плямёны, пераправіўшыся праз Днепр, падышлі да ракі Серабранкі. Воды ракі былі цёмныя і блішчалі як шкло. «Шкло!» - усклікнуў нехта. Так і пайшла назва паселішча. 
https://www.sb.by/articles/sovremennaya-legenda.html
","1520 г."
"Q2987234",1180578,"Ушачы","Вушачы
Вушача
Ушача
Ушач
Ušačy 
Uszacze
Ушачи
","Тапонім «Ушачы» ўтварыўся ад назвы ракі Ушача, на якой узнікла паселішча.. У сваю чаргу гідронім, імаверна, мае мяшаны склад: фіна-угорскую аснову ды балцкі суфікс -ча і азначае “хуткая вада”.
http://www.radzima.org/be/miesca/ushachy.html","Легенда апавядае, што некалі ў ваколіцах цяперашняга горада жыла злая, але надзвычай прыгожая чараўніца Чарняўка. Аднаго разу яна выратавала ад тура параненага паляўнічага і лячыла некалькі сутак. Паляўнічы ачуняў і аказаўся мясцовым князем Васілём. Маладыя пакахалі адзін аднаго, але князь пакінуў дзяўчыну і вярнуўся ў родны горад. Доўга плакала Чарняўка, але змяніць ужо нічога нельга было. Нарадзіла яна дзяўчынку і назвала яе Уша – такая мяккая, доўгая, хвалістая лугавая трава. Валасы падобныяя ў дзяўчынкі былі, вось і атрымала такое імя.  
Праз якісь час Чарняўка даведалася, што ўладарыць гэтай зямлёю па-ранейшаму князь Васіль, які ажаніўся і гадуе сына. Вырасла Уша прыгажуняй, якой нават маці ў маладосці не была. Аднойчы дзяўчына ля ракі пазнаёмілася з вершнікам. Малады паляўнічы закахаўся ў дачку чараўніцы, і яны сталі сустракацца заўсёды на адным месцы: пад старым галінастым дубам. Неяк Чарняўка прасачыла за дачкой і, калі першы раз убачыла хлапчыну, зразумла, што ён – сын князя Васіля.
I вось аднаго разу пабегла Уша на спатканне. Не было яе доўга. Тым часам пачалася страшная бура і маланка так ударыла, што аж скаланулася зямля. Чараўніца пабегла да дуба і ўбачыла, як ён гарыць, а побач – Ушу і княжыча. Дзяўчына была мёртвая, а хлапчына ўсё шаптаў да самага скону: «Уша... Уша...» Калі і ён памёр, рачулку, якая цякла ля дуба, назвалі Ушою, а княжыч ператварыўся ў шэры камень. 3 цягам часу людзі пастаўлялі хаціны на тым месцы і назвалі паселішча Ушачы.
http://vlib.by/PRIDVINIE-11/USHACHI/Legends-USHACHI.htm
","15??"
"Q431779",6722486,"Шчучын","Шчучын Літоўскі
Шчучын Лідзкі
Шчучын Наваградскі                                                                                                                                 (прыметнік дадаваўся з мэтай адрознення ад аднайменнага горада на Падляшшы)
Ščučyn 
Щучин
","Назва паходзіць ад прозвішча Шчука ці ад такога ж мужчынскага імя.
Краткий топонимический словарь Белоруссии / В. А. Жучкевич. - Минск : Издательство Белорусского государственного университета, 1974.–447 с., с.415.
Рогалеў, А.Ф. Назвы Бацькаўшчыны (тапанімія Беларусі) / А.Ф. Рогалеў. – 2-е выд. – Гомель: Барк, 2011. – С. 207–211.",,"1436 (1430?) г."
"Q2659074",4785825,"Бобр","Бабёр
Bobr
Бобр","Тапонім утвораны ад назвы жывёлы бобр.
Краткий топонимический словарь Белоруссии / В. А. Жучкевич. - Минск : Издательство Белорусского государственного университета, 1974.–447 с., с. 29-30.",,"1516 г."
"Q201218",6722574,"Стары Мядзель (частака сучаснага Мядзеля)","Стары Мядзел","1.Тапонім Мядзель мае балцкае паходжанне і звязаны з аналагічным літоўскім тапонімам з літ. medis «дрэва».
Кочубинский А. А. Территория доисторической Литвы // Журнал Министерства народного просвещения. — 1897. — Январь (т. CCCIX). — С. 84.
2. Тапонім Мядзел праз прамежкавую балтыйскую форму Mendelas ўзыходзіць да фіна-вугорскага Mendes, якое супастаўляецца з эстонскім mänd “сасна”. Беднарчук, Л. Конвергенция балто-славянских и финно-угорских языков в структурном и ареальном аспекте /Л. Беднарчук // Балто-славянские исследования 1988-1996. — М.: Индрик, 1997. — С. 104.
Дадзеная версія пацвярджаецца другой назвай возера Мядзел – Сасновае.
L. Bednarczuk. Wokół etnogenezy Białorusinów // Acta Baltico-Slavica XVI. — Wrocław, 1984. —С. 36.
Słownik geograficzny Królestwa Polskiego i innych krajów słowiańskich. — Warszawa, 1885. —Т. VI. —С. 283.
3.НазваМядзелпаходзіцьадфіна-вугорскагаметс- «лес»іель- «лясныручай,рэчка»,гэтазначыць«ляснаярэчка».
Пракаповіч, І. М. Назвы нашых мясцін / І.М. Пракопавіч. — Мінск: Кнігазбор, 2013. — С. 131. — 192 с.
4.Тапонім Мядзель таксама можа тлумачыцца ад фіна-вугорскага модзол «ельнік з імшыстай глебай».
Беларусіка-Albaruthenica: Кн. 2: Фарміраванне і развіццё нацыянальнай самасвядомасці беларусаў / Рэд. А. Анціпенка і інш.. — Мн.: Нацыянальны навукова-асветны цэнтр імя Ф. Скарыны, 1993. — С. 79. — 403 с.
З XV ст. па пач. XX ст. Мядзель падзяляўся на 2 часткі – Стары (паўночная частка, валодалі магнаты і памешчыкі) і Новы Мядзель (паўднёвая, каралеўскія тэрыторыі). Прыметнік “стары” ў назве супрацьпастаўляецца прыметніку “новы” і ўказвае на тое, што паўночная частка горада сфарміравалася раней за паўднёвую.","Легенда пра ўзнікненне Мядзеля апавядае пра падарожніка-паляўнічага, які, адстаўшы ад сваіх землякоў, прабіраўся праз балоты і лясы. Стомлены і галодны, ён прылёг пад высокую і густую ліпу, у дупле якой былі пчолы. Пчолы сабралі столькі мёду, што ён пачаў кропля за кропляй падаць уніз і трапляў на вусны падарожніку. Той пад’еў мёду і да яго вярнуліся сілы. Хлопец вырашыў называць гэтую мясціну Мёдадзел, бо яна дае мёд. Непадалёка паляўнічы ўбачыў возера, на беразе якога плакала басаногая дзяўчына, якая заблукала ў лесе. Хлопец паказаў ёй ліпу, дзе можна было пачаставацца мёдам.  Пчолы выратавалі і дзяўчыну ад голаду. Паляўнічы і прыгажуня спадабаліся адзін аднаму і вырашылі застацца жыць у гэтай чароўнай мясціне, а сваё паселішча сталі называць Мёдадзел – сённяшні Мядзел. http://narochpark.by/wp-content/uploads/2019/02/legendy_narachanskaga_krayu.pdf 
                                                                                                                                                                                                                                                                                                                                          Іншая легенда кажа, што калісці горад знаходзіўся на найбуйнейшым з васьмі астравоў возера Мядзель, вядомым пад назвай Замак. Старажытны горад узнік на востраве, імаверна, у Х-ХІ стст. Атачалі яго высокія драўляныя сцены, якія праз некалькі сотняў гадоў па загаду Гедыміна замянілі каменнымі, каб трымаць абарону ад крыжацкіх нападаў. Паселішча было добра ўмацаванае і ў часы небяспекі прымала да сябе жыхароў іншых астравоў. Аднак, у першай палове XV ст. чума прымусіла людзей пакінуць квітнеючы астраўны горад. Чума патрапіла на востраў разам з замежнымі купцамі. І Мядзель пачалі будаваць зноў, але ўжо на вялікай зямлі. 
https://www.svaboda.org/a/liehiendarnyja-bielaruskija-astravy/28025696.html
","1457 г. ці 1324 г. у пасланні вялікага князя Гедыміна Рыжскай Радзе"
"Q13134177",7506862,"Сіроцін","Сіроціна 
Міхалова
Sirocina
Сиротино","1. Назва Сіроціна паходзіць ад слова сірата.
Краткий топонимический словарь Белоруссии / В. А. Жучкевич. - Минск : Издательство Белорусского государственного университета, 1974.–447 с., с.344
Сіроцін – той, што належыць сіраце.
2. Тапонім Міхалова ўтвораны ад мужчынскага імя Міхаіл і паказвае прыналежнасць. Мястэчка атрымала назву ад імя ўладальніка – Міхалава. Міхаіл Казімір Грабніцкі, уладальнік (разам з братам Тадэвушам) маёнтка-двара Масары, заснаваў новае мястэчка, каб развіваць маёнтак, весці гандлёвыя аперацыі на сваёй тэрыторыі.
Ермалаеў, С. Унікальны дакумент з гісторыі Шуміліншчыны / С. Ермалаеў // Герой працы. - №43. ад 05.06. 2018 г. =http://www.shumilino.by/?p=42892
Краткий топонимический словарь Белоруссии / В. А. Жучкевич. - Минск : Издательство Белорусского государственного университета, 1974.–447 с., с.236.",,"24 мая 1899 г. у запісках святара Іаана Гнядоўскага ў сувязі з пабудовай у 1699 г. мітрапалітам Полацкім Фларыянам Грабніцкім у Сіроціне царквы Нараджэння Найсвяцейшай Багародзіцы"
"Q19313",1749244,"Барысаў","Barysaŭ
Борисов","Тапонім утварыўся ад імя полацкага князя Рагвалода-Барыса Усяславіча, які заснаваў горад і назваў яго.
Краткий топонимический словарь Белоруссии / В. А. Жучкевич. - Минск : Издательство Белорусского государственного университета, 1974.–447 с., с.33.",,"1127 г. у Лаўрэнцеўскім летапісе"
"Q628623",1180581,"Браслаў","Braslaŭ
Браслав","1. Тапонім паходзіць ад балц. braslà – брод.
Па адной з версій Браслаў узнік на месцы балцкага паселішча на Замкавай гары, размешчанай паміж азёрамі Дрывяты і Новята, і каля гары сапраўды працякае пратока паміж гэтымі азёрамі.
Краткий топонимический словарь Белоруссии / В. А. Жучкевич. - Минск : Издательство Белорусского государственного университета, 1974.–447 с., с. 35-36.
http://old.nlb.by/html/news2005/braslau/braslau.html
2. Назва можа быць утворана ад імя полацкага князя Брачыслава (унука Рагнеды), аднак, на думку П.А. Раппапорта, населены пункт існаваў і да Брачыслава. Князем Брачыславам магла быць дадзеная новая назва.
Раппапорт, П.А. Военное зодчество западнорусских земель X―XIV вв. / П. А. Раппопорт. — Ленинград : Наука, Ленинградское отделение, 1967. — 240 с.
Краткий топонимический словарь Белоруссии / В. А. Жучкевич. - Минск : Издательство Белорусского государственного университета, 1974.–447 с.,35-36.","Некалі сярод блакітных азёр на гары стаяў прыгожы горад, умацаваны вежамі. Пасярод горада ўзвышаўся замак, у якім жыў князь Дзвін. Багацце, слава, улада – усё ў яго было, але князь не меў сына. Была ў князя прыгожая дачка Дрыва, якую кахалі маладыя браты-князі – Снуд, Ноў і Брас. Аднойчы князь Дзвін адправіўся ў паход. Дрыва пацяшалася з маладых князёў - сказала ім, што пойдзе за таго, хто свой меч у саперніку пакіне. Снуд і Ноў зрабілі засаду на дарозе, каб забіць Браса, але той замест сябе паслаў слугу. Затым яны счапіліся між сабой, але загінулі абодва ад ран. 
Брас даведаўся пра гэта і прыехаў у замак. Дрыва была гатовая выйсці за яго, але той з пагардай адвярнуўся ад княжны і Дрыва кінулася ў возера. Яе маці Друйка ад гора таксама хутка памерла, як і бацька, які вярнуўся з паходу і даведаўся пра здарэнне. Горадам застаўся кіраваць Брас. Слаўны гэта быў князь, вельмі справядлівы, але ўсё жыццё пражыў адзін. А імёны усіх герояў легенды і цяпер жывуць у назвах самаго горада Браслава, рэк Дзвіны, Друйкі, азёр Дрывяты, Снуды, Навяты.
Легенды і паданні / Акадэмія навук Беларускай ССР, Інстытут мастацтвазнаўства, этнаграфіі і фальклору. - Мінск : Навука і тэхніка, 1983. – 542 с., С. 266 – 267)
","1065 г. у “Хроніцы Быхаўца”: “‹…› А потым Кунас памёр, і пасля яго сын ягоны Кернус панаваў на ўсёй зямлі Завельскай да мяжы латыгольскае і да Браслава-Завельскага і аж да ракі Дзвіны. 
‹…› Потым вялікі князь Кернус і князь Гімбут, хочучы бацькаўшчыну сваю павялічыць, сабралі сілы свае літоўскія і жамойцкія, і пайшлі на Русь пад Браслаў і пад Полацак, і багата шкоды ўчынілі, і землі іх спустошылі, і людзей мноства ў палон павялі”.
1570-я гг. у «Хроніцы польскай, літоўскай, жамойцкай і ўсяе Русі» (арыг. Kronika Polska, Litewska, Żmudzka i wszystkiej Rusi): “‹…› Ci też Koriatowicy, xiążęta Litewskie, drugie zamki na Podolu zbudowali, Brasław, Winnicę, Mieǳyboz, Brezanicę, Chmielnik, Trembowla etc. ‹…›”.
https://wolnelektury.pl/media/book/pdf/stryjkowski-kronika-polska-litewska-zmudzka-i-wszystkiej-rusi.pdf
"
"Q2648542",7509036,"Воўпа","Voŭpa
Волпа
Wołpa","1. Першапачаткова, магчыма, была форма Олпа, літара в з’явілася пазней як пратэтычны гук. Олпа ці олапа – водная расліннасць (магчыма, урэчнік або стрэлкаліст). Такім чынам, Воўпа – назва-характарыстыка: вадацёк з зарасцямі урэчніку, стрэлкалісту ў мінулым. Версію пацвярджае знаходжанне вёскі каля ракі Ваўпянка.
Краткий топонимический словарь Белоруссии / В. А. Жучкевич. - Минск : Издательство Белорусского государственного университета, 1974.–447 с., с. 58.",,"1449 г."
"Q2599850",7515552,"Геранёны","Hieraniony
Gieranony
Геранёны","1. Назва мае балцкае паходжанне, для праўнання - літоўск. geranoris – добразычліўцы.
Краткий топонимический словарь Белоруссии / В. А. Жучкевич. - Минск : Издательство Белорусского государственного университета, 1974.–447 с., с. 69.
2.Тапонім «Ґеранёны» паходзіць ад слова «гораноны», што азначае «нагрэты».
У гэтых мясцінах некалі так называлі метал, нагрэты ў адмысловых печах для апальвання керамічных вырабаў. Горанам называлі яшчэ і ніжнюю частку кавальскай печы, дзе згарала паліва. Літара""о"" у слове змянілся на""е"" пад уплывам літоўскай мовы.                                                                                                   Ґеранёны = Gieraniony // Слоўнік беларускай мовы (клясычны правапіс) / Уклад. калектыў супрацоўнікаў выдавецтва «Наша Ніва». — Наша Ніва, 2001.","Легенда апавядае, што некалі ў гэтым краі жыў віленскі князь. Ён меў усё - раллі, нівы, цудоўны замак. Але аднойчы яго казна спустошылася, і вырашыў князь выгадна ажаніцца. Калі ён ўбачыў сваю выбранніцу, то страціў мову: настолькі яна была прыгожая! Неўзабаве маладая княгіня нарадзіла дзвюх дачок - Геру і Нону. Але шчасце закаханых было нядоўгім. Праз два гады княгіня раптоўна памерла.
Ішоў час. Патрэбна было выдаваць дзяўчын замуж, але князь нікога не падпускаў да іх, бо не бачыў годных жаніхоў. Аднак знайшоўся смяльчак, які заваяваў сэрцы Ноны. Закаханыя вырашылі таемна абвянчацца. Князь даведаўся пра гэта і загадаў дачцэ адрачыся ад каханага, і тая скарылася. Яна не магла жыць без каханага і цела яе забрала рака. Неўзабаве князь застаўся і без Геры. Дзяўчына пайшла да цыганкі паваражыць і па дарозе сустрэлася з разбойнікам. У памяць аб каханых дочках князь загадаў назваць паселішча падвойным імем - Гера-Ноны. Гэтая легенда і сёння жыве ў Геранёнах.
http://www.pvz.by/?p=19233
","1403 г."
"Q3692422",5623682,"Ліпнішкі","Lipniški
Липнишки","Тапонім паходзіць ад назвы пароды дрэва – ліпы, што звязана са значнай роляй дрэва і вырабаў з яго ў гаспадарцы ў мінулым.
Краткий топонимический словарь Белоруссии / В. А. Жучкевич. - Минск : Издательство Белорусского государственного университета, 1974.–447 с., с. 203.","Легенда расказвае, як аднойчы дзяўчаты купаліся ў рэчцы і, калі выйшлі на бераг апранацца, адна з іх – Ліпка – убачыла вялізнага вужа на сваёй сукенцы. Вуж паабяцаў зпаўзці з адзежы, калі Ліпка выйдзе за яго замуж. Дзяўчына пагадзілася, каб толькі змяя хутчэй адчапілася. Дома Ліпка распавяла ўсё маці і тая супакоіла яе. Але ў хуткім часе чарада вужоў на чале з самым здаравенным прыпаўзлі па Ліпу і забралі яе. Засумавала маці, пастарэла адразу. Аднаго разу прыйшла Ліпа да яе і расказала, жыве ў вадзяным царстве замужам за тым самым вужом, усё ў іх добра, а праз 2 гады з мужа сыдзе чараўніцтва і ён стане чалавекам. Калі Ліпа заснула, маці ўзяла востыя вілы, пайшла да рэчкі і паклікала так, як ёй апавядала Ліпка: “Мужу-вужу! Мужу-вужу! Забяры мяне да сябе!”. Той высунуў галаву, а жанчына ўдарыла па ей віламі. Шалёна загуў вецер, узняліся хвалі, і недзе зусім блізка закрычала Ліпа. Калі  усё сціхла, то там, дзе стаяла Ліпа, вырасла сапраўдная ліпка, а дзе была маці ляжаў камень. Калі ля іх пачалі сяліцца людзі і вёску назвалі Ліпнішкамі, бо вакол той, некалькі малодзенькай, ліпы расло мноства маленькіх. Камень жа той разбіў неяк пярун.
http://lipnishki.uctopuk.info/legenda.htm                           
                                                                                                                                                                                                                                                                                             Мясцовая легенда кажа: Ліпнішкамі вёску назвала Кацярына II, якая, праязджаючы міма, была здзіўленая прыгажосцю мясцовых ліпавых алей. Але гэта памылковая версія – у архіўных матэрыялах назву Ліпнішкі сустракаецца па часе значна раней, чым магла б здарыцца гісторыя з Кацярынай II.
https://www.sb.by/articles/tayna-katovoy-gory.html
","14??"
"Q2993986",6722709,"Радашковічы","Радашкавічы
Radaškovičy
Radoszkowice
Радошковичи","1. Тапонім утвораны ад асновы славянскага паходжання: радеть (дбаць), радзіцца.
2. Назва мае этнанімічнае паходжанне – утворана ад этноніма радзімічы.
Краткий топонимический словарь Белоруссии / В. А. Жучкевич. - Минск : Издательство Белорусского государственного университета, 1974.–447 с., с. 316-317.",,"1447 г."
"Q2471767",7467877,"Шарашова","Шарашэва
Шарашоў
Šaraševa
Szereszów
Шерешево","1. Назва ўтворана ад асабістага імя Шэраш (шэры, шэрак).
Краткий топонимический словарь Белоруссии / В. А. Жучкевич. - Минск : Издательство Белорусского государственного университета, 1974.–447 с.,с. 410.
Версія адпавядае мясцовай легендзе аб узнікненні мястэчка.
2. Тапонім утварыўся ад мясцовага дыялектнага слова «шэраш» (дробны лёд на рацэ ў адлігу).
3. Паводле некаторых звестак у старажытнасці паселішча мела назву Шаршнёў — ад слова «шэршань». Потым, нібы, назва змянілася на Шарашоў і Шарашова. Аднак, гэтая вэрсія не пацвяржаецца.
Пракаповіч, Н. Паселішча ў пушчы / Н. Пракаповіч // «Газета для вас» №15 (641), 11—18 красавіка 2008.","Легенда апавядае, што калісьці на месцы мястэчка была непраходная пушча. На ўскрайку гандлёвага шляху стаяла невялікая карчма з дурной славай. Аднойчы тут спыніўся малады шляхціц Ян Красоўскі. Ноччу на яго напалі бадзягі на чале з уладальнікам карчмы. На дапамогу Красоўскаму прыйшоў пастаялец са страшэнным шрамам на твары – Шэраш, адзін з самых вядомых разбойнікаў у пушчы, – ім удалося ўцячы і яны пасябравалі. Хадзілі чуткі, што гэта Шэраш украў каралеўскую карону князя Вітаўта, якую яму вязлі ад кракаўскіх ювеліраў. Маладыя людзі заключылі дамову: Красоўскі мусіў атрымаць у вялікага князя літоўскага дазвол на будаўніцтва паселішча ў пушчы і станавіўся яго фармальным ўладальнікам, а Шэраш даваў на гэта свае багацці і з’яўляўся неафіцыйным кіраўніком. Так узнікла Шарашова. 
Першымі жыхарамі паселішча сталі сябры Шэраша, беглыя сяляне, а потым – рамеснікі, гандляры, святары. Шэраш абараняў сваё пасяленне ад ворагаў, вяршыў справядлівы суд, дзяліўся сваімі багаццямі з мясцовымі жыхарамі. Яго паважалі, аднак хутка прыйшла бяда. Ян Красоўскі закахаўся ў замужнюю жанчыну і стаў яе палюбоўнікам, а абражаны муж нявернай забіў яго. Шэраш не мог сцярпець страты таварыша і вырашыў пакараць забойцу. Праз некаторы час багаты магнат загінуў. Знік і Шэраш. Аднак памяць аб ім захавалася. Некаторыя нават гаварылі, што на гербе Шарашова 1792 г. выяўлены не архангел Гаўрыіл, а Шэраш.
http://shereshevo-school.pruzhany.by/wp-content/uploads/2015/01/p11.pdf
","26 студзеня 1380 г. у грамаце аб перадачы паселішча Камянецкаму намесніку Мікалаю Насуце Шампарту"
"Q3917501",7518664,"Цырын","Cyryn
Цирин","Назва “Цырын” утварылася ад прозвішча Цыра.
Краткий топонимический словарь Белоруссии / В. А. Жучкевич. - Минск : Издательство Белорусского государственного университета, 1974.–447 с., с. 397.",,"15??"
"Q140147",72615,"Брэст","Брест Brest Litovsk
Brześć Litewski
","Старажытная назва Брэста-Бярэсце. Паводле найбольш вядомай версіі, назва горада паходзіць ад слова «бяроста» (вонкавы пласт кары бярозы), а сучасная форма Брэст, верагодна, ужо штучна — ад слова «бярост» (від вяза, Ulmus). У 1863 годзе падарожнікам. У летапісах XII—XIII стагоддзяў сустракаецца таксама назоў Берестий, у гістарычных дакументах XVI стагоддзя — Бересть (гэта назва існавала ў жыхароў наваколля горада да нядаўняга часу). У ХVII — пачатку XX стагоддзя горад называўся Брэст-Літоўскі, а затым Брэст-Літоўск , што паказвала на яго размяшчэнне ў Вялікім Княстве Літоўскім, а таксама дазваляла адрозніць ад польскага горада Брэста-Куяўскага, у перыяд знаходжання ў складзе Польшчы (1921-1939) горад называўся Брэст-над-Бугам (польск.: Brześć nad Bugiem)  для адрознівання з іншым польскім горадам польск.: Brześć Kujawski, назва якога па руску цяпер перадаецца як Бжэсць-Куяўскі, раней ён называўся ""Брэст-Куяўскі"". З верасня 1939 года пасля далучэння Заходняй Беларусі да БССР — Брэст.","Паводле народнага падання пра паходжанне назвы горада, якое запісаў у сярэдзіне XIX ст. П. М. Шпілеўскі ў сваім «Падарожжы па Палессі і Беларускім краі», некалі, даўным-даўно багаты купец, прабіраючыся цераз вязкія балоты з вялікай колькасцю рознага тавару, зрубіў плаціну са ствалоў бярозы, заваліў балота бяростай (верхні белы слой бярозавай кары) і такім чынам праклаў сабе шлях. У памяць аб сваім выратаванні з гэтых балот купец пабудаваў копішча і прынёс там ахвяру язычніцкаму богу Вялесу. А самое месца аб зрубленай з бяросты плаціны ён назваў Берасцем, Берасценем. Пазней, прадаўшы з выгадай у Літве свае тавары, купец вярнуўся і атабарыўся на гэтым месцы са сваёй дружынай. ",
"Q181376",130921,"Гродна","Гродно
Grodno
Hrodna
","Нарматыўная форма назвы паходзіць ад беларусізаванай рускай перадачы польскай назвы. Старабеларуская назва «Городен» (або «Городень»), магчыма, паходзіла ад словаў «гарадзіць», «агароджваць». Цяжка з упэўненасцю сказаць, куды прыпадаў націск старажытнарускім—старабеларускім вымаўленні назвы, што ў выніку абумовіла вялікую варыянтнасць назвы ў сучаснай беларускай мове. ",,"Ён упершыню быў згадан у 1128 годзе ў Іпацьеўскім летапісе."
,,,,"Назвы горада на розных мовах, у розны час: ",,
,,,,"·         Городен, Городень, таксама Городна, Городня — старажытнаруская-старабеларуская летапісная назва.",,
,,,,"·         Гро́дно — паланізаваная назва, з’явілася каля 1560-х гг. ",,
,,,,"·         Го́радна, Го́радня — мясцовыя варыянты назвы ў 20 ст.",,
,,,,"·         Гаро́дня — сучасная паэтычна-літаратурная назва (М. Багдановіч, У. Караткевіч), папулярная як альтэрнатыва афіцыйнай.",,
,,,,"·         Grodna — сярэдневяковая лацінская назва (атлас Брауна (1575)).",,
,,,,"·         Grodno — польская назва.",,
,,,,"·         Gardinas — літоўская назва.",,
,,,,"·         Garthen, Garten — нямецкая назва ў сярэдневяковых лаціна- і нямецкамоўных хроніках (таксама Garto), якая ўжывалася як афіцыйная ў 20 ст., у час нямецкіх акупацый.",,
"Q200797",1749243,"Полацк","Polack","Тапонім «Полацк» утварыўся ад імя ракі Палата па самай старажытнай мадэлі — уласная назва ракі + -ск. У сваю чаргу назва рэчкі, відаць, мае балцкае паходжанне ад асноў «pal» або «palte» — балота, лужына, з далейшай славянскай асіміляцыяй. У старабеларускіх пісьмовых помніках назва горада зафіксавана ў формах Полоцк, Полоцъкъ, Полотскъ, Полотескъ, Полтескъ, Плтескъ, Полческъ, у нямецкіх хроніках Плоцэке, у скандынаўскіх сагах Pallteskiuborg, Palteskia. ",,"Упершыню Полацк згадваецца ў «Аповесці мінулых гадоў» пад 862—865 гг. "
"Q2280",59195,"Мінск"," Менск Minsk","У Іпацьеўскім летапісе горад згадваецца пад 1067 годам пад назвамі Мѣньск, Мѣнескь. У пазнейшым Радзівілаўскім летапісе назвы Меньск і Менеск пішуцца без яць, праз «е». З канца XV ст. з'яўляецца назва Менск без мяккага знака. Аднак яшчэ ў XVI—XVII стагоддзях працягвала шырока выкарыстоўвацца форма «Менеск». ","існуе народнае паданне, паводле якога заснавальнікам Менска быў вядзьмар-асілак Мянеск, што збудаваў на месцы цяперашняга горада свой млын, на якім малоў муку з камення. Імаверна, што аснову імя Мянеска належыць звязваць з індаеўрапейскім этымонам *men — «мяць, расціраць», што адпавядае асноўным функцыям Мянеска ў паданні. Наяўнасць у мянескавым млыне сямі колаў, размешчаных паміж правым і левым берагам Свіслачы, знаходзяць выразныя паралелі ў беларускім фальклорным матэрыяле. ","Упершыню згадваецца ў «Аповесці мінулых часоў» пад 1067 годам. "
"Q2478305",6894482,"Поразава","Порозово","На думку беларускага географа В. Жучкевіча назва ўтворана ад прозвішча Поразаў, утворанага ад больш старой формы Пораз",,"Упершыню Поразава згадваецца ў XV ст. як каралеўскае мястэчка Ваўкавыскага павета Новагародскага ваяводства Вялікага Княства Літоўскага. Паводле некаторых звестак, у 1460 годзе Ян Рыдвід заснаваў тут касцёл Святых Апосталаў Пятра і Паўла. "
,,,,,,"У 1506 годзе вялікі князь Аляксандр надаў Поразаву Магдэбургскае права (29 чэрвеня 1518 і 27 сакавіка 1523 атрымала яго паўторна)."
"Q956614",5603384,"Камянец","Kamieniec","Тапонім «Каменец» утварыўся ад мясцовай мураванай («каменнай») вежы, вакол якой узнікла паселішча. У 1795—1940 горад меў афіцыйную назву Каменец-Літоўскі дзеля адрознення ад украінскага Камянца-Падольскага. ",,"Першы пісьмовы ўспамін пра Каменец змяшчаецца ў Іпацьеўскім летапісе і датуецца 1276, калі князь валынскі Уладзімір Васількавіч заклаў тут мураваную вежу. "
"Q2630527",6722635,"Бялынічы","Белыничи","На думку беларускага географа В. Жучкевіча  назва горада ўтворана ад прозвішчаў Белынич,Белынкович, Белынович",,"Упершыню згадваецца з сярэдзіны XVI ст. ( 1577 г.) як сяло ў Аршанскім павеце Віцебскага ваяводства Вялікага Княства Літоўскага. "
"Q1033593",6722290,"Бешанковічы","Бешенковичи","На думку беларускага географа В. Жучкевіча назва ўтворана ад прозвішча Бешанковіч",,"Упершыню згадваецца ў 1447 г. «Казімір у памяць выратавання сваёй жонкі ў 20-ы дзень ліпеня ад патаплення загадаў пабудаваць у Беларусі шэсць цэркваў у імя святога Ільі-прарока». Гісторык Турчыновіч называе іншую дату — 1460 г.: «У памяць выратавання каралевы Елісаветы ад утаплення 20 ліпеня ў дзень прарока Ільі Казімір загадаў пабудаваць у Беларусі некалькі цэркваў праваслаўных па берагах рэк Дзвіны, Дняпра і Сажа: у Віцебску, Бешанковічах, Магілёве, Крычаве, Оршы і Чэрыкаве, падараваў гэтым храмам у карыстанне перавозы». "
"Q954914",6722694,"Крычаў","Кричев",,,"Першы пісьмовы ўпамін пра Крычаў змяшчаецца ў статуце князя смаленскага Расціслава Мсціславіча і датуецца 1136 годам. У XII — сяр. ХІV стст. горада знаходзілася ў складзе Смаленскага княства. "
"Q2471831",7467551,"Лагішын","Логишин","На думку географа В. Жучкевіча, назва паходзіць ад імя асабістага Логиш, магчыма Логис. Аб гэтым сведчыць и суфикс -ін. У той жа час не выключаецца магчымасць сувязі з тэрмінам Лог",,".  Першы пісьмовы ўспамін пра Лагішын датуецца 1495. "
"Q208609",178128,"Орша","Orša","На думку географа В. Жучкевіча, тапонім «Орша» ўтварыўся ад назвы ракі Ршы (так першапачаткова называлі цяперашнюю Аршыцу). Тым часам гідронім можна прымеркаваць да часта ўжываных назваў Ржа, Ржанка. Таксама існуе меркаванне, што тапонім мае балцкае (ад наймення ляшчыны) або фіна-ўгорскае паходжанне (у перакладзе «вада, якая бяжыць у рэчышчы» — рака). ",,"Упершыню Орша згадваецца ў «Аповесці мінулых гадоў» пад 1067 годам як Ръша"
,,,,"Да нашага часу адбылася натуральная трансфармацыя назвы горада: пачатковае «Рша» праз форму «Арша́» і далейшы перанос націску на першы склад аформілася ў мясцовых гаворках і альтэрнатыўнай норме беларускай мовы з прыстаўным зычным «в» — «Ворша». У акадэмічным правапісе прыстаўное «в» не пішацца, паколькі тапонім мае няяснае паходжанне. ",,
"Q2621918",7473554,"Друя",,"Існуе шэраг меркаванняў аб паходжанні назвы паселішча. Большасць з іх зыходзяць з таго, што яна ўтварылася ад назвы ракі. Паводле фіна-ўгорскай версіі чаргаванне гукаў «д» і «р» можа азначаць у перакладзе «вада». Паходжанне тапоніма звязваюць таксама з балцкім druіaз — вялікі, шырокі. У літаратуры пачатка XX ст. сустракаюцца паралелі паміж назвай Друя і словам драць (нібыта дзякуючы стромкаму цячэнню ракі і падводным камяням у гэтым месцы абдзіраліся лодкі, плыты). Цікавым з'яўляецца меркаванне, выказанае ў часопісе «Крывіч» (1923), што слова друя ў беларускай мове азначае другая. Так маглі назваць паселішча, перанесенае ў іншае, другое месца. ",,"Першы пісьмовы ўспамін пра Друю змяшчаецца ў «Хроніцы польскай, літоўскай, жамойцкай і ўсёй Русі» М. Стрыйкоўскага і датуецца 1386 г"
"Q2596991",7522194,"Любча",,"На думку беларускага географа В. Жучкевіча, назва горада ўтварылася ад той жа асновы, што і Любеч. Форма -ча выконвае тую ж функцыю, што і  -ка. Любча, верагодна,месца шлюбных абрадаў, сустрэч і забаўляльных ігрышч.",,"Упершыню згадваецца ў 1401 г. у нямецкіх хроніках як аб'ект паходаў крыжакоў"
"Q241475",400507,"Ліда","Лида Lida","На думку беларускага географа В. Жучкевіча, назва горада паходзіць ад балцкага тэрміна lydimas - вырубка. Блізкая да тэрміну ""ляда"". Па назве гораду і рака Лідзея.",,"Датай узнікнення Ліды лічаць 1323 год — пачатак узвядзення Лідскага замка, вакол якога паступова вырас горад. "
"Q956159",6722278,"Пружаны"," Пружана Pružany","На думку некаторых гісторыкаў паходжанне назвы Пружаны звязана з пасяленнем каля Дабучына прусаў",,"Вядомы з 1487 як Дабучын, княжацкі двор у складзе Кобрынскага княства ВКЛ"
"Q955992",6722171,"Кобрын","Кобрин Kobryn","На думку беларускага географа В. Жучкевіча, назва горада ўтварылася ад імя зніклага народа «обры», які паводле старажытных летапісаў насяляў Заходняе Палессе. Згодна з меркаваннем І. Сташэўскага тапонім утварыўся праз засваенне кельцкага імя Кобрунус, тым часам А. Трубачоў адкідаў кельцкае паходжанне як неабгрунтаванае і тлумачыў слова «Кобрын» як вынік складання прыстаўкі к- са стараславянскім -брьние (бруд). ",,"Першы пісьмовы ўспамін пра Кобрын як уладанне князёў уладзіміра-валынскіх змяшчаецца ў Іпацьеўскім летапісе і датуецца 1287"
"Q3917328",7450629,"Гарадзе́ц","Городец","На думку беларускага географа В. Жучкевіча назва паходзіць ад асновы город: городец-невялікі горадок. На Беларусі сустракаюцца дзве формы памяншальных назваў ад асновы горад: городок і городец. Першая форма старэйшая. Другая з'явілася значна пазней",,"У XVI ст. належыла ўдаве Стэфана Баторыя каралеве Ганне"
"Q201230",6722576,"Нясвіж","Несвиж Niasviž ","На думку беларускага географа В. Жучкевіча склад слова: не-свид, дзе не - адмаўленне. Аснова прадстаўлена у назвах р. Ствігі, воз. Свідна.. Магчыма меркаваць сувязь асновы з тэрмінам свидь - свидина, урема - зараснікі кустоўя каля ракі. Не-свидь - месца каля ракі без прыбярэжных зараснікаў",,"Першая ўскосная згадка Нясвіжа звязаная з удзелам кн. Юрыя Нясвіжскага ў бітве на Калцы 1223 г"
"Q3917371",7468533,"Гарадная","Городная Haradnaja ","На думку географа В. Жучкевіча назва горада ідзе ад назваў-тэрмінаў: гарадня - аграда, забор, тын",,". Першы пісьмовы ўспамін пра Гарадную датуецца 1448 годам"
"Q386487",5598638,"Мазыр","Мозырь Mazyr","На думку географа В. Жучкевіча найбольш імаверна, што тапонім «Мазыр» мае этнанімічнае паходжанне і ўтварыўся ад імя народнасці мазур. Варыянты напісання назвы ў гістарычных крыніцах: Мозър, Мозыр, Мозырь",,"Першы пісьмовы ўпамін пра Мазыр датуецца 1155 годам, калі ён перайшоў ад Кіеўскага да Чарнігаўскага княства. Працяглы час Мазыр знаходзіўся ў складзе Тураўскага княства, князі і епіскапы якога называліся тураўскімі і мазырскімі"
"Q651555",6722318,"Дзісна","Дисна Dzisna","На думку географа В. Жучкевіча назва горада ідзе ад назвы ракі Дзісны. Верагодна,то маецаа адна аснова з назвай ракі Дзесна (прытока Дняпра) Назва ракі Дзесны ідзе ад славянскага ""десная"" -правая",,"Першы пісьмовы ўспамін пра Дзісну як умацаваны замак Капец-гарадок (ад слова «капа́ць») датуецца 1374 г. Замак выконваў ролю фарпоста Полацка на Дзвіне, кантраляваў увесь рачны рух і подступы да сталіцы Полацкай зямлі. У 1461 г. паселішча ўпершыню згадваецца пад цяперашняй назвай (двор Дзісна). "
"Q154835",62145,"Магілёў","Могилёв Mahilioŭ ","Тапонім «Магілёў», відавочна, мае патранамічнае паходжанне — ад асабістага імя Магіла, якое ў сваю чаргу ўтварылася ад адпаведнай славянскай асновы. Выказваліся таксама меркаванні пра сувязь тапоніма з канкрэтнай гістарычнай асобай — галіцкім князем Львом Данілавічам Могіем («Магутным Ільвом»), які нібыта збудаваў у 1267 годзе замак у сутоках рэчак Дубравенка і Дняпро (археалагічныя раскопкі не выявілі гэтага ўмацавання). Некаторыя даследчыкі лічаць, што назва Магілёва паходзіць ад імя князя полацкага Льва Уладзіміравіча (Льва Магутнага). ","Народнае паданне звязвае назву горада з імём асілка Машэкі, над магілай якога насыпалі вялікі курган, названы Магілай Льва (захавалася ўрочышча Машакоўка). Народны паэт Беларусі Янка Купала апрацаваў гэту легенду ў аднайменную паэму. Паводле «Запісак ігумена Арэста», у старажытнасці на месцы Магілёва быў стан разбойнікаў (іх атамана звалі Магіла) і шматлікія магілы забітых імі людзей, каля якіх узнікла вёска Магілка","Упершыню Магілёў згадваецца пад 1267 годам у «Спісе гарадоў далёкіх і блізкіх», што датуецца канцом XIV ст."
"Q204150",1749248,"Пінск","Pinsk","Паводле распаўсюджанага меркавання, тапонім «Пінск» утварыўся ад назвы ракі Піна. Тым часам няма адназначнага меркавання аб паходжанні гідроніма: на думку беларускага географа В. Жучкевіча, ён утварыўся ад славянскай асновы «пін», сэнсавае значэнне якой — прыпынак, прыстань, вір у рацэ, гаць. Існуюць таксама і іншыя тэорыі, найбольш пашыраныя з якіх: «Піна» ад «пена», што пляскалася на ўзбярэжжы; «Піна» ад лацінскага «пінус» — «сасна», бо сосны ў вялікай колькасці раслі на берагах рэчкі. ",,"Першы пісьмовы ўспамін пра Пінск («Пінеск») змяшчаецца ў «Аповесці мінулых часоў» і датуецца 1097"
,,,,"У гістарычных крыніцах таксама згадваецца як Пиньск, Пинеск. ",,
"Q102217",6825777,"Віцебск","Витебск Viciebsk","У летапісах называецца Видбеск, Видебск, Витепеск, Витьбеск, у ням. летапісах — Вітэнбеке (лац.: Vitenbeke).  Тапонім «Віцебск» утварыўся ад ракі Віцьба па самай старажытнай мадэлі — уласная назва ракі + -ск. Існуе некалькі версій паходжання гідроніма «Віцьба».  Найбольш аўтарытэтная версія належыць лінгвісту акадэміку Ул. Тапарову: назва Віцьбы (і Віцебска) - балцкая, а найбольш аўтэнтычнымі формамі трэба лічыць найбольш рана засведчаныя «Відба» і «Відбеск». Балцкую першакрыніцу ён рэканструяваў у выглядзе Vid-up- «Сярэдняя рака» і параўноўваў з балцкімі назвамі тыпу Vidupe (у Латвіі) і Выцебець (на Павоччы, каля Выцебеці шмат назваў-«дубляў» тыпу рэчка Сярэдняя  Географ Вадзім Жучкевіч выказаў не падтрыманую нікім з акадэмічных лінгвістаў думку, што ў аснове назвы рэчкі паняцце «віць» — вільготнае месца, багна — у спалучэнні з фармантам -ба, што надае прыналежнасць да месца. У часы, калі лінгвістыка яшчэ не звярнула ўвагу на гідронімы, гісторык Аляксей Сапуноў прапаноўваў ""народна-этымалагічную"" думку, што рэчка Віцьба атрымала назву ад лукавін, паміж якімі яна мусіла «віцца». У айканіміі беларускіх зямель суфікс -ск (-цк) з’яўляецца глыбока традыцыйнай рэліктавай з’явай, якая падкрэслівае самабытнасць беларускага народа і старажытнасць тэрыторыі яго рассялення. У форме -šk- такі суфікс уласцівы таксама балтам, якія ў далетапісныя часы жылі на Падзвінні, а на тэрыторыі сучаснай Беларусі ён адзначаецца з IX—X стагоддзяў, у тым ліку ў назвах двух старажытных гарадоў Полацк і Смаленск, засведчаных летапісамі пад 862 і 863 гадоў Звыш паловы гарадоў з назвамі на -ск, згаданых у летапісах XI стагоддзя, прыпадае менавіта на зону фармавання беларусаў, дзе гэты суфікс выяўляе прадуктыўнасць і ў наступныя стагоддзі. Кожны трэці беларускі горад з ліку тых, што занесены ў «Спіс рускіх гарадоў далёкіх і блізкіх» канца XIV стагоддзя, заканчваецца на -ск (-цк). У гаворках Віцебшчыны мае наступныя варыянты: Віцемск, Вітэбск, Вытэбск, Віцімськ",,"Упершыню згадваецца ў 1021 годзе, калі разам з Усвятам быў перададзены вялікім князем кіеўскім Яраславам Уладзіміравічам полацкаму князю Брачыславу Ізяславічу пры заключэнні міру. Горад атрымаў назву ад ракі Віцьбы, на беразе якой узнік. "
"Q278743",6722420,"Навагрудак","Новогрудок Нава́градак Navahrudak ","Летапісныя варыянты назвы горада — Новогород, Новгородок, Новогородок, Новый Городок і інш. сведчаць аб тым, што недзе непадалёк існаваў стары гарадскі цэнтр акругі, магчыма ім было гарадзішча Радагошча.  У старажытнай назве «Новъгородок» скланяліся абедзве часткі",,"Частка даследчыкаў лічыць за першую згадку Навагрудка ў пісьмовых крыніцах паведамленне пад 1044 годам пра будаўніцтва новага горада, якое на іх меркаванне звязана з паходам вял. кн. кіеўскага Яраслава Мудрага на Літвy, упершыню гэту версію прапанаваў В. Тацішчаў"
"Q739491",6722368,"Ваўкавыск","Волковыск Vaŭkavysk","Тапонім «Ваўкавыск» утварыўся ад назвы рэчкі Ваўкавыі. Таксама існуе меркаванне, што назва горада мае славянскае паходжанне і ўтварылася ад дзвюх асноваў. Значэнне першай «воўк» не выклікае сумневаў, другая з'яўляецца не зусім зразумелай: «выя» (старадаўне­рускае «шыя»), «выць» або «высь» (вышыня). На думку географа В. Жучкевіча, «высь» — пераробка з «выйску». Паводле Ю. Сташэўскага, назву паселішчу надалі паводле наймення служылых людей вялікага князя, якія ў часе палявання мусілі выць па-воўчаму і такім чынам прыцягваць ваўкоў. Варыянты напісання назвы горада ў гістарычных крыніцах: Волковысекъ, Вълковысек, Волковыйск",,"Пад 1252 Ваўкавыск упамінаецца ў Іпацьеўскім летапісе як памежная крэпасць, сталіца удзельнага княства. Гэтую дату падаюць як першы пісьмовы ўпамін пра горада сучасныя энцыклапедычныя даведнікі. "
"Q863576",6722458,"Слонім","Slonim","Летапісныя назвы: Услонім, Васлонім, якія, магчыма, паходзілі ад слова «услон»—заслон, у значэнні фарпосту на важнай рачной магістралі. ",,"Першае ўпамінанне пра Слонім у Іпацьеўскім летапісе адносіцца да 1252 года. "
"Q2678",163244,"Гомель","Homieĺ","У гістарычных крыніцах зафіксаваныя назвы: Гомь, Гом'е, Гомій, Гомей. На многіх еўрапейскіх картах XVII — пач. XX ст. назва горада перадавалася лацініцай як Homel. Паходжанне яго назвы некаторыя даследчыкі звязваюць з назвай роду, што пасяліўся на тэрыторыі сучаснага горада, або з імем заснавальніка гэтага роду. Паводле іншых версій, у аснове назвы ляжыць старажытна­славянскае слова «гом» у значэнні «пагорак, узвышша над ярам, нізінай». Магчыма, назва паходзіць ад назвы ракі (ручая) Гамяюк, што ўпадае ў раку Сож недалёка ад гістарычнага цэнтра горада","Згодна з народнай этымалогіяй, адлюстраванай у адпаведным паданні, паходжанне назвы Гомеля звязана з выкрыкам «Го! Мель!», якім нібыта ў даўнія часы папярэджвалі плытагонаў ад небяспецы трапіць на мель. ","Першыя ўпамінанні пра Гомель датуюцца 1142 г., калі ён уваходзіў у Чарнігаўскае княства. У 1157 быў далучаны да Смаленскага княства, з 1161 зноў уладанне чарнігаўскіх Ольгавічаў. "
